title,Url,Thumbnail URL,Channel Name,Description
Weekly Reliv -Taarak Mehta Ka Ooltah Chashmah - Episodes 3753-3758 | 24th April To 29th April 2023,https://www.youtube.com/watch?v=q5iio-bKB6Y,https://i.ytimg.com/vi/q5iio-bKB6Y/hqdefault.jpg?sqp=-oaymwEcCPYBEIoBSFXyq4qpAw4IARUAAIhCGAFwAcABBg==&rs=AOn4CLAD5sfbccQUXYwUaRwpA8XukwHT1Q,LIV Comedy,Weekly Reliv is a special compilation of the week‚Äôs episodes and is created to give the viewer a feel of the show‚Äôs story and its high points. The weekly Reliv here is created especially...
üá∞üá∑CVS CHALLENGE: buying only EXPENSIVE FOOD + shopping üõçÔ∏è,https://www.youtube.com/watch?v=pGTJATIuHM0,,Pooh in Korea,
"Hide and Seek, But We Are Zombies",https://www.youtube.com/watch?v=t5Xo-zs8pTo,,Homeys,4 Zombies VS 10 Humans Trapped in a College. Will they escape or Will they get Zombiefied! Welcome to the First video of Homeys! Hope you enjoy this video! Homeys - @SlayyPointOfficial...
Backbenchers - College Life | Ep - 13 | Dora Sai Teja | Varsha Dsouza | Tej India | Infinitum Media,https://www.youtube.com/watch?v=WPmW5FiEQHw,,Tej India,"Backbenchers are back! But this time they're in the Intercollege with a bigger bang!! "" #Backbenchers - #CollegeLife"" is a Sequel to Backbenchers - School Life Featuring Dora Sai Teja & @varshads..."
Akshay Kumar ‡§ï‡•ã ‡§¶‡•á‡§ñ‡§ï‡§∞ ‡§ï‡•ç‡§Ø‡•ã‡§Ç ‡§õ‡§ø‡§™ ‡§ó‡§è Salman Khan? | The Kapil Sharma Show Season 2 | Best Moments,https://www.youtube.com/watch?v=T-nuloB2MOg,,LIV Comedy,Watch some amazingly hilarious moments from The Kapil Sharma Show Season 2 and giggle along as all the artists will take you on a laughter ride with their outstanding comical acts and enjoy...
Day In Our Life With 2 Year Old | Pearle maaney | Srinish Aravind | Baby Nila,https://www.youtube.com/watch?v=Go0SnKElxz0,,Pearle Maaney,"For Tasty Nibbles Products, ‡¥ü‡µá‡¥∏‡µç‡¥±‡µç‡¥±‡¥ø ‡¥®‡¥ø‡¥¨‡µç‡¥¨‡¥ø‡µæ‡¥∏‡¥ø‡¥®‡µç‡¥±‡µÜ ‡¥±‡µÜ‡¥°‡¥ø ‡¥ü‡µÅ ‡¥à‡¥±‡µç‡¥±‡µç ‡¥´‡µÅ‡¥°‡µç ‡¥µ‡¥æ‡¥ô‡µç‡¥ô‡µÅ‡¥µ‡¥æ‡¥®‡¥æ‡¥Ø‡¥ø https://tastynibbl..."
Miss Shetty Mr Polishetty (Telugu) Teaser | Anushka Shetty | Naveen Polishetty | Mahesh Babu P,https://www.youtube.com/watch?v=DoTkzj3wiHE,,UV Creations,Miss Shetty Mr Polishetty Telugu Teaser on UV Creations! Miss Shetty Mr Polishetty is the Latest 2023 Telugu Movie ft. Anushka Shetty and Naveen Polishetty. Music by Radhan & Directed by Mahesh...
EMIWAY - KYA BOLTI PUBLIC (OFFICIAL TEASER),https://www.youtube.com/watch?v=6WrbtWikO94,,Emiway Bantai,6TH MAY SATURDAY NIGHT 11:59 PM #kots #emiway #kingofthestreets
"Bichagadu 2 - Official Trailer | Vijay Antony, Kavya Thapar | Fatima Vijay Antony",https://www.youtube.com/watch?v=AzNAy5v-gO4,,Saregama Telugu,Presenting the Official Trailer of Vijay Antony's much awaited #Bichagadu2 co-starring Kavya Thapar in lead roles. Produced by Fatima Vijay Antony. Movie : Bichagadu 2 - ANTI BIKILI Director...
MI vs CSK Fans | Vinayak Mali Comedy,https://www.youtube.com/watch?v=6ObHfEiyY1Y,,Vinayak Mali,"""Transform your tech career by upskilling with SCALER, India‚Äôs Best Tech Learning Company. Check out: https://www.scaler.com/?utm_source=brandedcontent&utm_medium=vinayakApr23brandedcontent&utm_c..."
CAR KI CHORI | Short Comedy Family Movie in Hindi | Ruchi and Piyush,https://www.youtube.com/watch?v=Gn-PVU65qNU,,Ruchi and Piyush,Sheher mein ghum rahe hai Car chor! üöóü¶π‚Äç‚ôÇÔ∏è Piyush ko hai darr ki kahi humari car chori na ho jaaye! üò® Aayiye dekhte hai aage kya hota hai? üïµÔ∏è‚Äç‚ôÄÔ∏è We make family-friendly...
‡∞§‡±Ü‡∞≤‡±Å‡∞ó‡±Å ‡∞∞‡∞æ‡∞∑‡±ç‡∞ü‡±ç‡∞∞‡∞æ‡∞≤‡±ç‡∞≤‡±ã ‡∞≠‡∞æ‡∞∞‡±Ä ‡∞µ‡∞∞‡±ç‡∞∑‡∞æ‡∞≤‡±Å | Heavy Rains Predicted In Hyderabad | NTV,https://www.youtube.com/watch?v=B9zPlw-emmY,,NTV Live,#telangana #heavyrain #hyderabad #ntvtelugu #ntvlive #ntvpolitics Watch Live Here : https://youtu.be/_kPE2uUR8SI For more latest updates on news : ‚ñ∫ Subscribe to NTV News Channel: http://goo...
Village Boy Cycle üòÇ| Ep.7 | 4K | Ultimate village comedy| Creative Thinks,https://www.youtube.com/watch?v=SaL6T9o0ukA,,Creative Thinks,"This Is Village Boy Season üî•This Series is Different and we can Motivate you in fun way üíö Written & Direction : ‡∞∂‡±ç‡∞∞‡±Ä Cinematography : Sri, Mounika rendla Music: G.Vani Editing..."
The Kerala Story Official Trailer | Vipul Amrutlal Shah | Sudipto Sen | Adah Sharma | Aashin A Shah,https://www.youtube.com/watch?v=3Jk3vquJDGs,,Sunshine Pictures,"A spine-chilling, never told before true story ‚Äì revealing a dangerous conspiracy that has been hatched against India. The Kerala Story is a compilation of the true stories of three young..."
RANGU SEETHAAMMO PART 5 FULL VIDEO SONG | FOLK SONG | PARSHURAM NAGAM | LADDU MUSIC,https://www.youtube.com/watch?v=5WUkuFn9jfY,,LADDU MUSIC,RANGU SEETHAAMMO PART 5 FULL VIDEO SONG | FOLK SONG | PARSHURAM NAGAM | LADDU MUSIC DISCLAIMER : ALL CHARACTERS AND INCIDENTS IN THE SONG ARE FICTITIOUS ‡∞à ‡∞™‡∞æ‡∞ü‡∞≤‡±ã‡∞®‡∞ø ‡∞™‡∞æ‡∞§‡±ç‡∞∞...
üôàUnboxing our new üòàSuperbikeüî• with big k*ifeüî™ | Hayabusa | Ducati | TTF | Tamil |Surpriseüòò,https://www.youtube.com/watch?v=wlAVc8ap4Ms,,Twin Throttlers,
"Finally Exams start hogye, books leli üìö",https://www.youtube.com/watch?v=-k_G6EhzgeQ,,Sahil joshi Vlogs,My Instagram = https://www.instagram.com/official_sahiljoshi/ My second channel = https://youtu.be/ErIbwNHqYQg https://www.facebook.com/profile.php?id=100081466297849&sk=videos
Lifemates - a story of Husband & Wife | Episode 3 - New Car | Web Series | Take A Break,https://www.youtube.com/watch?v=gCh0k5pwn1g,,Take A Break,Is buying a new car that hard? or is it just hard for Prashant & Sayali. Download Duolingo For Free: https://app.adjust.net.in/10og8h9t Lifemates is a story of every married couple out there....
#Video - ‡§π‡•ã ‡§ó‡§à‡§≤ ‡§ù‡§ó‡§°‡§º‡§æ | #Khesari Lal Yadav | Ho Gail Jhagda | #Yamini Singh | New Bhojpuri Song 2023,https://www.youtube.com/watch?v=CB0RPqNh0KI,,Wave_Music,Subscribe ‡§ï‡§∞‡•á‡§Ç :- http://goo.gl/ip2lbk ‡§Ü‡§™ ‡§∏‡§¨ ‡§á‡§∏ ‡§ó‡§æ‡§®‡•á ‡§ï‡§æ Reels ‡§¨‡§®‡§æ‡§è - Make Your Reels :- Album - ‡§π‡•ã ‡§ó‡§à‡§≤ ‡§ù‡§ó‡§°‡§º‡§æ Song - Ho Gail Jhagda...
MUKUL ne SONA ko diya DHOKHA | Sona Sach Me Rone Lagi | Mukul Gain | Sona Dey,https://www.youtube.com/watch?v=xgvswKZgV_Y,,Mukul Sona MS,"#prank #marriage #mukulsona Hey guys, Welcome back to my channel.Toh Aaj dekho kyu dia mukul ne sona ko dhoka! Make sure you subscribe to us and share our videos with your friends so that..."
Filmymoji || Middle Class Madhu || Mr. Pellikoduku || MRP ||MCM,https://www.youtube.com/watch?v=P21lkmVciNM,,Filmymoji,"Filmymoji Middle Class Madhu Mr. Pellikoduku MRP MCM In this new episode of Middle Class Madhu, 1A master's brother in law comes to Vizianagaram with a surprising letter in husband and by..."
World's Most Luxurious Train - Palace On Wheels,https://www.youtube.com/watch?v=2VowHXSr9xU,,MR. INDIAN HACKER Vlogs,The Palace on Wheels is a luxury tourist train. It was launched by the Indian Railways in association with Rajasthan Tourism Development Corporation to promote tourism in Rajasthan. It is now...
Mark Antony (Tamil) Official Teaser |Vishal |SJ Suryah|GV Prakash|Adhik Ravichandran | S.Vinod Kumar,https://www.youtube.com/watch?v=bSgwdIfJxqE,,Think Music India,"#MarkAntony #Vishal #SJSuryah #Suneel #Selvaraghavan #GVPrakashKumar #AdhikRavichandran #VinodKumar #MiniStudio #MarkAntonyTamilTeaser Here's the Official Teaser of ""Mark Antony"" (Tamil),..."
PAV BHAJI | Mumbai Special Street Food Recipe Cooking In Village | Butter Pav Bhaji Recipe,https://www.youtube.com/watch?v=H7aGRi70wbU,,Village Cooking Channel,"Today we cook Mumbai Special street food Pav Bhaji recipe, with our beloved grandpa. In this cooking video, you'll get a glimpse of our traditional way of preparing this popular Indian street..."
Dear Kavya | S2 | Episode 8 | Telugu Webseries 2023 | Rowdy Baby | South Indian Logic,https://www.youtube.com/watch?v=1wHiq3f5A4M,,Rowdy Baby,"Thanks you for all your love to Dear Kavya season 1, here it is new episode from Dear Kavya Season2, Stay tuned for more episodes! Dear Kavya Season 1: https://youtu.be/Vrcjv--S2YA Dear..."
Local Boi Nani | ‡∞®‡∞æ ‡∞≤‡±à‡∞´‡±ç ‡∞≤‡±ã‡∞ï‡∞ø ‡∞í‡∞ï ‡∞Ö‡∞Æ‡±ç‡∞Æ‡∞æ‡∞Ø‡∞ø ‡∞µ‡∞ö‡±ç‡∞ö‡∞ø‡∞Ç‡∞¶‡∞ø | ‡∞®‡±á‡∞®‡±Å ‡∞à ‡∞Ö‡∞Æ‡±ç‡∞Æ‡∞æ‡∞Ø‡∞ø‡∞®‡±á ‡∞™‡±Ü‡∞≥‡±ç‡∞≤‡∞ø ‡∞ö‡±á‡∞∏‡±Å‡∞ï‡±Å‡∞Ç‡∞ü‡∞æ‡∞®‡±Å | Love Story,https://www.youtube.com/watch?v=OROcRMqbpGw,,local Boi Nani,#localboinani #lovestory #emotionalstory #couple #lovestatus #lovemarriage #promo For Business enquiries mail : satyamurthy42@gmail.com @Viral Hub Please do follow my channel @localBoiN...
I Won Million Dollar Lottery in Minecraft üí≤üí≤| Carry Depie,https://www.youtube.com/watch?v=y7Wo49U01Kk,,Carry Depie,I Won Million Dollar Lottery in Minecraft üí≤üí≤| Carry Depie video contain promotion Voice Recorder :- shure mv7 Edited By:- Adobe Premiere Pro #minecraft #minecraftinhindi #carrydepie
GOTG Volume 3 | Sabse Bada Fan ft. Sara Ali Khan & Ashish Chanchlani | Book Now,https://www.youtube.com/watch?v=52fm9v7SWA4,,IndiaMarvel,Looks like Star-Lord is not the only one having a face-off ü§™ Kaun hai Guardians ka sabse bada fan Sara Ali Khan ya Ashish Chanchlani...ya aap? ü§≠ Bookings are now open for Marvel Studios‚Äô...
NEET 2023 Exam City Announcedüî• Admit Card soon !! #neet2023 #neet #update,https://www.youtube.com/watch?v=KL8ANAp0zUc,,Biology at Ease,NEET Biology Super Shorts Series- https://youtube.com/playlist?list=PLtvLAK4LEZ7pBVGz5LwmQ8jPXiV_PhrbY NCERT Biology Most Important Lines Series- https://youtube.com/playlist?list=PLtvLAK4LEZ7pKOG...
Bang Do Sanjli//Full Video 4k//Jony Hembrom & Madhuri Rane//Raju Soren//Chotu Lohar//2023,https://www.youtube.com/watch?v=IpQLNWSZus0,,Raju Soren,Producer-Sweety kisku Director & Choreographer - Chotu Lohar Cast - Jony Hembrom & Madhuri Rane Audio Producer-Sweety Kisku Lyrics- Love Boy (Prem) Singer & Composer- Raju Soren Video Producer-Chun...
Cooku with Comali 4 | Promo | Disney Plus Hotstar,https://www.youtube.com/watch?v=7mxXOjJc4s8,,Disney+ Hotstar Tamil,Ennadhu Paavakka falooda vaüòÇ #CookuwithComali4 #CookuwithComali #DisneyPlusHotstar
Pandian Stores | 1st to 6th May 2023 - Promo,https://www.youtube.com/watch?v=Fl0Db6ox0M4,,Vijay Television,‡Æ™‡Ææ‡Æ£‡Øç‡Æü‡Æø‡ÆØ‡Æ©‡Øç ‡Æ∏‡Øç‡Æü‡Øã‡Æ∞‡Øç‡Æ∏‡Øç - ‡Æ§‡Æø‡Æô‡Øç‡Æï‡Æ≥‡Øç ‡ÆÆ‡ØÅ‡Æ§‡Æ≤‡Øç ‡Æö‡Æ©‡Æø ‡Æá‡Æ∞‡Æµ‡ØÅ 8 ‡ÆÆ‡Æ£‡Æø‡Æï‡Øç‡Æï‡ØÅ ‡Æ®‡ÆÆ‡Øç‡ÆÆ ‡Æµ‡Æø‡Æú‡ÆØ‡Øç ‡Æü‡Æø‡Æµ‡Æø‡Æ≤.. Click...
"1 Hour to Spend 10,000 on Each Other | SlayyPop",https://www.youtube.com/watch?v=NBhfFdwbmYs,,SlayyPop,Giving each other gifts for the first time. Will return the money to parents soon :') Instagram - @Abhyudaya_Mohan & @GautamiKawale https://www.instagram.com/abhyudaya_mohan/ https://www.instagra...
SHARAAB : SIMAR DORRAHA (Full Song) | RAKA | Latest New Punjabi Songs 2023 | D TOWN TO B TOWN,https://www.youtube.com/watch?v=mKZYNeabZl4,,URBAN PENDU RECORDS,Song - Sharaab Singer/Lyrics - Simar Dorraha Music - Raka Producer - Kartik Skater & Aman Madahar Co Producer : Gaurav Anjaan Publicity Designs : Aj Arts Video: Hitesh Arora Edit/Di: Prince...
Spin INDIA‚Äôs Largest MYSTERY WHEEL & Win Prizes worth Rs10 Lakh !!,https://www.youtube.com/watch?v=3NKpnSiTW4w,,Fukra Insaan,Follow me on Instagram for updates ‚ûû https://instagram.com/fukra_insaan?igshid=jytojomgh8j4 Join my discord server ‚ûûhttps://discord.gg/Es7PVh4BAK My second youtube channel ‚ûû https://youtub...
‡¥®‡¥ü‡µÅ‡¥±‡µã‡¥ü‡µç‡¥ü‡¥ø‡¥≤‡µÇ‡¥ü‡µÜ ‡¥™‡µã‡¥§‡µç‡¥§‡¥ø‡¥®‡µç‡¥±‡µÜ ‡¥™‡µÅ‡¥±‡¥§‡µç‡¥§‡µç ‡¥ï‡¥Ø‡¥±‡¥ø‡¥™‡µç‡¥™‡µã‡¥Ø ‡¥Ö‡¥û‡µç‡¥ö‡¥æ‡¥Ç ‡¥ï‡µç‡¥≤‡¥æ‡¥∏‡µÅ‡¥ï‡¥æ‡¥∞‡¥®‡µç ‡¥∏‡¥Ç‡¥≠‡¥µ‡¥ø‡¥ö‡µç‡¥ö‡¥§‡µç ‡¥ï‡¥£‡µç‡¥ü‡µã..,https://www.youtube.com/watch?v=mrEXW7Bk17I,,Moinus Vlogs,‡¥®‡¥ü‡µÅ‡¥±‡µã‡¥ü‡µç‡¥ü‡¥ø‡¥≤‡µÇ‡¥ü‡µÜ ‡¥™‡µã‡¥§‡µç‡¥§‡¥ø‡¥®‡µç‡¥±‡µÜ ‡¥™‡µÅ‡¥±‡¥§‡µç‡¥§‡µç ‡¥ï‡¥Ø‡¥±‡¥ø‡¥™‡µç‡¥™‡µã‡¥Ø ‡¥Ö‡¥û‡µç‡¥ö‡¥æ‡¥Ç ‡¥ï‡µç‡¥≤‡¥æ‡¥∏‡µÅ‡¥ï‡¥æ‡¥∞‡¥®‡µç ‡¥∏‡¥Ç‡¥≠‡¥µ‡¥ø‡¥ö‡µç...
90's Kurradu || Episode - 3 || Chandoo Sai || Bhavya Sri || Infinitum Media,https://www.youtube.com/watch?v=yy40churzWU,,Chandoo Gadu,"""90's Kurradu"" is a Telugu Romcom Web Series Featuring Chandoo Sai & Bhavya Sri Vuppalapati as leads. Disclaimer: We do not intend to promote investment/ gambling/ illegal betting of any kind...."
Meet Harsh Beniwal | Episode 100,https://www.youtube.com/watch?v=LAIorrVYPkA,,Sandeep Maheshwari,"YouTube Channel: https://m.youtube.com/@TheHarshBeniwal Sandeep Maheshwari is a name among millions who struggled, failed and surged ahead in search of success, happiness and contentment...."
PAYAL KA HUA GRAND WELCOME | Armaan Malik,https://www.youtube.com/watch?v=0TOaPSFYu_I,,Armaan Malik,Our new song: https://youtu.be/fBfomgo0iy0 Dream makerz Instagram: https://instagram.com/idream_makerz?igshid=1ox4jyf0ezpc3 Contact no : 9878711782
Top Phone Deals For You - Flipkart Big Saving Days Sale 2023,https://www.youtube.com/watch?v=ZZAUZFoDMZc,,Technology Gyan,"Flipkart Big Saving Days Sale 2023 is here : aur is video mein mene kuch aise top smartphones bataye hai jo best hai under 10000 , 15000 , 20000 , 30000 , 40000 & flagship deals hope video..."
Chellamma | 1st to 6th May 2023 - Promo,https://www.youtube.com/watch?v=H0pyh_8apCU,,Vijay Television,‡Æö‡ØÜ‡Æ≤‡Øç‡Æ≤‡ÆÆ‡Øç‡ÆÆ‡Ææ - ‡Æ§‡Æø‡Æô‡Øç‡Æï‡Æ≥‡Øç ‡ÆÆ‡ØÅ‡Æ§‡Æ≤‡Øç ‡Æö‡Æ©‡Æø ‡Æµ‡Æ∞‡Øà ‡ÆÆ‡Æ§‡Æø‡ÆØ‡ÆÆ‡Øç 2 ‡ÆÆ‡Æ£‡Æø‡Æï‡Øç‡Æï‡ØÅ ‡Æ®‡ÆÆ‡Øç‡ÆÆ ‡Æµ‡Æø‡Æú‡ÆØ‡Øç ‡Æü‡Æø‡Æµ‡Æø‡Æ≤.. Click here...
Ponni | 1st to 6th May 2023 - Promo,https://www.youtube.com/watch?v=j58CFpy7XT4,,Vijay Television,‡Æ™‡Øä‡Æ©‡Øç‡Æ©‡Æø - ‡Æ§‡Æø‡Æô‡Øç‡Æï‡Æ≥‡Øç ‡ÆÆ‡ØÅ‡Æ§‡Æ≤‡Øç ‡Æö‡Æ©‡Æø ‡Æµ‡Æ∞‡Øà ‡ÆÆ‡Æ§‡Æø‡ÆØ‡ÆÆ‡Øç 2.30 ‡ÆÆ‡Æ£‡Æø‡Æï‡Øç‡Æï‡ØÅ ‡Æ®‡ÆÆ‡Øç‡ÆÆ ‡Æµ‡Æø‡Æú‡ÆØ‡Øç ‡Æü‡Æø‡Æµ‡Æø ‡Æ≤..#Ponni #VijayTelevision...
"Ethra Naal (Sulaikha Manzil Version) |Lukman, Anarkali |Vishnu Vijay |Ashraf Hamza |Saleem Kodathoor",https://www.youtube.com/watch?v=8l32-NbQW1E,,Think Music India,#EthraNaal #SulaikhaManzil #LukmanAvaran #ChembanVinodJose #AnarkaliMarikar #VishnuVijay #AshrafHamza #SaleemKodathoor #MuRi #MuhsinParari #ChemboskyMotionPictures #EthraNaalVideoSong Here's...
Mera Divorce kyu ho raha? Real reason,https://www.youtube.com/watch?v=Dqfkjv4SU3g,,Paras Thakral Vlogs,Guys if you enjoyed this vlog Don't forget to Subscribe and turn on the notifications to get notified of our new vlogs. For business purpose and sponsership contact- Contactfitparas@gmail.com...
Supar Car Leke Pahad Pe Aagye üòç,https://www.youtube.com/watch?v=fgYeJxO1OHc,,Sourav Joshi Vlogs,Follow me on Instagram- https://www.instagram.com/souravjoshivlogs/?hl=en I hope you enjoyed this video hit likes. And do subscribe to my channel Thank you so much for watching god bless...
THIS SEA MONSTER IS CRAZY | RESIDENT EVIL 4 GAMEPLAY #3,https://www.youtube.com/watch?v=wbbp8d3SXvk,,Techno Gamerz,"THIS SEA MONSTER IS CRAZY | RESIDENT EVIL 4 GAMEPLAY #3 #residentevil #technogamerz Subscribe to our Second YouTube Channel: https://www.youtube.com/c/UjjwalGamer Share, Support, Subscribe!!!..."
Kadhal Vaithu Kathirunthen Season 02 Promo | KVK | Village Girl | Modern Boy | Love Series | Vishnu,https://www.youtube.com/watch?v=fbrnVqXFrEA,,Zero Filter,#kadhalvaithukathirunthen #kvk #zerofilter #romantic #tamilromanticwhatsappstatus #Couples #Tamilseries #VillageGirl #ModernBoy #Tamilwebseries #loveseries #tamilromanticwhatsappstatus #lovewebseri...
CHEAP vs EXPENSIVE CHALLENGEüíµüò±,https://www.youtube.com/watch?v=TTkSEp2hxu0,,Rishabh Chawla,"I always wanted to try the Cheap vs Expensive challenge, so here it is.‚ú® the best part about shooting this video was the finding part, me and unnati explored so many places in Mumbai in one..."
#BBMS5Promo ‡¥™‡µÅ‡¥§‡¥ø‡¥Ø ‡¥Æ‡¥§‡µç‡¥∏‡¥∞‡¥æ‡µº‡¥§‡µç‡¥•‡¥ø‡¥Ø‡¥æ‡¥Ø ‡¥Ö‡¥®‡µÅ ‡¥ú‡µã‡¥∏‡¥´‡¥ø‡¥®‡µç‡¥±‡µÜ ‡¥¶‡µó‡¥§‡µç‡¥Ø‡¥Ç ‡¥Ü‡¥∞‡¥Ç‡¥≠‡¥ø‡¥ï‡µç‡¥ï‡µÅ‡¥®‡µç‡¥®‡µÅ.,https://www.youtube.com/watch?v=Xr42XWsEwK4,,DisneyPlus Hotstar Malayalam,#BBMS5Promo ‡¥™‡µÅ‡¥§‡¥ø‡¥Ø ‡¥Æ‡¥§‡µç‡¥∏‡¥∞‡¥æ‡µº‡¥§‡µç‡¥•‡¥ø‡¥Ø‡¥æ‡¥Ø ‡¥Ö‡¥®‡µÅ ‡¥ú‡µã‡¥∏‡¥´‡¥ø‡¥®‡µç‡¥±‡µÜ ‡¥¶‡µó‡¥§‡µç‡¥Ø‡¥Ç ‡¥Ü‡¥∞‡¥Ç‡¥≠‡¥ø‡¥ï‡µç‡¥ï‡µÅ‡¥®‡µç‡¥®‡µÅ. Bigg Boss Season 5...
Guess the Baby Name Challenge by Emoji,https://www.youtube.com/watch?v=RQfWEKsCtxI,,Wanderers Live,SUBSCRIBE!!! . . JOIN ME: Facebook - https://www.facebook.com/WHtravel/ Twitter - https://twitter.com/HubWanderers Instagram - https://www.instagram.com/wanderershub/ Pinterest - https://in.pin...
